"subject"	"gene"	"IGHJ6_02"	"IGHJ6_03"	"alleles"	"proirs_row"	"proirs_col"	"counts1"	"k1"	"counts2"	"k2"	"counts3"	"k3"	"counts4"	"k4"
"S1"	"IGHV1-18"	"01"	"01"	"01"	"0.66,0.34"	"1"	"61,12"	"7.74854502869103"	NA	NA	NA	NA	NA	NA
"S1"	"IGHV1-2"	"02"	"02"	"02"	"0.66,0.34"	"1"	"54,25"	"28.9904730086135"	NA	NA	NA	NA	NA	NA
"S1"	"IGHV1-69"	"01"	"01"	"01"	"0.66,0.34"	"1"	"163,76"	"88.3349599284517"	NA	NA	NA	NA	NA	NA
"S1"	"IGHV1-8"	"01"	"01"	"01"	"0.66,0.34"	"1"	"54,40"	"52.0805087322642"	NA	NA	NA	NA	NA	NA
"S1"	"IGHV1-46"	"01"	"01"	"01"	"0.66,0.34"	"1"	"34,5"	"1.71965495638951"	NA	NA	NA	NA	NA	NA
"S1"	"IGHV3-33"	"01"	"01"	"01"	"0.66,0.34"	"1"	"91,53"	"65.5874649710375"	NA	NA	NA	NA	NA	NA
"S1"	"IGHV3-30"	"18"	"18"	"18"	"0.66,0.34"	"1"	"64,41"	"51.8618963241858"	NA	NA	NA	NA	NA	NA
"S1"	"IGHV3-30-3"	"Del"	"01"	"01"	"0.66,0.34"	"1"	"0,52"	"24.1792542613751"	NA	NA	NA	NA	NA	NA
"S1"	"IGHV3-11"	"01,01_A152G"	"01,01_A152G"	"01,01_A152G"	"0.66,0.34"	"0.76,0.24"	"30,15"	"17.8161913546853"	"11,6"	"7.30227135417298"	NA	NA	NA	NA
"S1"	"IGHV4-59"	"01"	"i03"	"01,i03"	"0.66,0.34"	"0.70,0.29"	"27,0"	"4.7464599320688"	"0,14"	"6.50979922421637"	NA	NA	NA	NA
"S1"	"IGHV4-61"	"01"	"11"	"01,11"	"0.66,0.34"	"0.24,0.76"	"5,0"	"0.878974061494222"	"0,48"	"22.3193116258847"	NA	NA	NA	NA
"S1"	"IGHV4-31"	"03"	"03"	"03"	"0.66,0.34"	"1"	"38,24"	"30.263854290485"	NA	NA	NA	NA	NA	NA
"S1"	"IGHV4-30-4"	"Del"	"01"	"01"	"0.66,0.34"	"1"	"0,7"	"3.25489961210819"	NA	NA	NA	NA	NA	NA
"S1"	"IGHV4-34"	"01"	"01"	"01"	"0.66,0.34"	"1"	"71,25"	"26.0019611995332"	NA	NA	NA	NA	NA	NA
"S1"	"IGHV1-24"	"01"	"01"	"01"	"0.66,0.34"	"1"	"20,11"	"13.4167966180336"	NA	NA	NA	NA	NA	NA
"S1"	"IGHV2-26"	"01"	"01"	"01"	"0.66,0.34"	"1"	"5,3"	"3.73903308323591"	NA	NA	NA	NA	NA	NA
"S1"	"IGHV2-70"	"01"	"01"	"01"	"0.66,0.34"	"1"	"5,3"	"3.73903308323591"	NA	NA	NA	NA	NA	NA
"S1"	"IGHV6-1"	"01"	"01"	"01"	"0.66,0.34"	"1"	"15,5"	"5.05975639006756"	NA	NA	NA	NA	NA	NA
"S1"	"IGHV3-48"	"02"	"01"	"01,02"	"0.66,0.34"	"0.28,0.72"	"0,13"	"6.04481356534377"	"41,0"	"7.20758730425262"	NA	NA	NA	NA
"S1"	"IGHV3-23"	"01,01_A152G"	"01,01_A152G"	"01,01_A152G"	"0.66,0.34"	"0.86,0.14"	"91,45"	"53.2727792517572"	"8,6"	"7.82965579106951"	NA	NA	NA	NA
"S1"	"IGHV4-39"	"01"	"01"	"01"	"0.66,0.34"	"1"	"45,22"	"25.954619174573"	NA	NA	NA	NA	NA	NA
"S1"	"IGHV4-30-2"	"Unk"	"01"	"01"	"0.66,0.34"	"1"	"0,5"	"2.32492829436299"	NA	NA	NA	NA	NA	NA
"S1"	"IGHV3-43"	"01"	"01"	"01"	"0.66,0.34"	"1"	"15,3"	"1.98108496024747"	NA	NA	NA	NA	NA	NA
"S1"	"IGHV3-9"	"01"	"01"	"01"	"0.66,0.34"	"1"	"95,18"	"11.0075356999906"	NA	NA	NA	NA	NA	NA
"S1"	"IGHV2-5"	"01"	"01"	"01"	"0.66,0.34"	"1"	"12,4"	"4.04780511205404"	NA	NA	NA	NA	NA	NA
"S1"	"IGHV1-58"	"01"	"Unk"	"01"	"0.66,0.34"	"1"	"10,1"	"0.218612408078399"	NA	NA	NA	NA	NA	NA
"S1"	"IGHV3-7"	"01"	"01"	"01"	"0.66,0.34"	"1"	"53,19"	"19.9302535314521"	NA	NA	NA	NA	NA	NA
"S1"	"IGHV5-51"	"01"	"03"	"01,03"	"0.66,0.34"	"0.79,0.21"	"39,1"	"5.31666196474489"	"0,17"	"7.90475620083417"	NA	NA	NA	NA
"S1"	"IGHV3-20"	"01"	"01"	"01"	"0.66,0.34"	"1"	"8,1"	"0.132977216519289"	NA	NA	NA	NA	NA	NA
"S1"	"IGHV3-49"	"05"	"03"	"03,05"	"0.66,0.34"	"0.35,0.65"	"0,6"	"2.78991395323559"	"11,0"	"1.93374293528729"	NA	NA	NA	NA
"S1"	"IGHV3-74"	"01"	"Unk"	"01"	"0.66,0.34"	"1"	"20,2"	"0.437224816156799"	NA	NA	NA	NA	NA	NA
"S1"	"IGHV3-72"	"01"	"01"	"01"	"0.66,0.34"	"1"	"1,3"	"0.433569584866004"	NA	NA	NA	NA	NA	NA
"S1"	"IGHV3-21"	"01"	"01"	"01"	"0.66,0.34"	"1"	"94,38"	"41.9700448104903"	NA	NA	NA	NA	NA	NA
"S1"	"IGHV3-13"	"01"	"Unk"	"01"	"0.66,0.34"	"1"	"20,2"	"0.437224816156799"	NA	NA	NA	NA	NA	NA
"S1"	"IGHV3-15"	"01"	"01"	"01"	"0.66,0.34"	"1"	"34,16"	"18.6523478204"	NA	NA	NA	NA	NA	NA
"S1"	"IGHV3-73"	"02"	"02"	"02"	"0.66,0.34"	"1"	"9,2"	"1.49651811913049"	NA	NA	NA	NA	NA	NA
"S1"	"IGHV3-53"	"02"	"02"	"02"	"0.66,0.34"	"1"	"12,5"	"5.58714082696409"	NA	NA	NA	NA	NA	NA
"S1"	"IGHV4-38-2"	"Del"	"Del"	NA	NA	NA	NA	NA	NA	NA	NA	NA	NA	NA
"S1"	"IGHV5-10-1"	"Del"	"Del"	NA	NA	NA	NA	NA	NA	NA	NA	NA	NA	NA
"S1"	"IGHV1-69-2"	"Del"	"Del"	NA	NA	NA	NA	NA	NA	NA	NA	NA	NA	NA
"S1"	"IGHV3-43D"	"Del"	"Del"	NA	NA	NA	NA	NA	NA	NA	NA	NA	NA	NA
"S1"	"IGHV3-64D"	"Del"	"Del"	NA	NA	NA	NA	NA	NA	NA	NA	NA	NA	NA
"S1"	"IGHV7-4-1"	"Del"	"Del"	NA	NA	NA	NA	NA	NA	NA	NA	NA	NA	NA
"S1"	"IGHV8-51-1"	"Unk"	"Unk"	NA	NA	NA	NA	NA	NA	NA	NA	NA	NA	NA
"S1"	"IGHV1-3"	"Del"	"Del"	NA	NA	NA	NA	NA	NA	NA	NA	NA	NA	NA
"S1"	"IGHV1-45"	"Unk"	"Unk"	NA	NA	NA	NA	NA	NA	NA	NA	NA	NA	NA
"S1"	"IGHV2-70D"	"Del"	"Del"	NA	NA	NA	NA	NA	NA	NA	NA	NA	NA	NA
"S1"	"IGHV3-64"	"Del"	"Del"	NA	NA	NA	NA	NA	NA	NA	NA	NA	NA	NA
"S1"	"IGHV3-66"	"Del"	"Del"	NA	NA	NA	NA	NA	NA	NA	NA	NA	NA	NA
"S1"	"IGHV4-4"	"Del"	"Del"	NA	NA	NA	NA	NA	NA	NA	NA	NA	NA	NA
"S1"	"IGHV4-28"	"Del"	"Del"	NA	NA	NA	NA	NA	NA	NA	NA	NA	NA	NA
"S1"	"IGHJ1"	"Unk"	"Unk"	NA	NA	NA	NA	NA	NA	NA	NA	NA	NA	NA
"S1"	"IGHJ2"	"Unk"	"Unk"	NA	NA	NA	NA	NA	NA	NA	NA	NA	NA	NA
"S1"	"IGHJ3"	"Unk"	"Unk"	NA	NA	NA	NA	NA	NA	NA	NA	NA	NA	NA
"S1"	"IGHJ4"	"Unk"	"Unk"	NA	NA	NA	NA	NA	NA	NA	NA	NA	NA	NA
"S1"	"IGHJ5"	"Unk"	"Unk"	NA	NA	NA	NA	NA	NA	NA	NA	NA	NA	NA
"S1"	"IGHJ6"	"Unk"	"Unk"	NA	NA	NA	NA	NA	NA	NA	NA	NA	NA	NA
