"subject"	"gene"	"IGHD2-8_01"	"IGHD2-8_02"	"alleles"	"proirs_row"	"proirs_col"	"counts1"	"k1"	"counts2"	"k2"	"counts3"	"k3"	"counts4"	"k4"
"S1"	"IGHV1-8"	"01"	"01"	"01"	"0.45,0.55"	"1"	"9,4"	"3.89720826128839"	NA	NA	NA	NA	NA	NA
"S1"	"IGHV4-39"	"01"	"01"	"01"	"0.45,0.55"	"1"	"15,15"	"21.0889882914897"	NA	NA	NA	NA	NA	NA
"S1"	"IGHV3-30-3"	"Del"	"01"	"01"	"0.45,0.55"	"1"	"0,17"	"4.30243532804647"	NA	NA	NA	NA	NA	NA
"S1"	"IGHV3-23"	"01"	"01"	"01"	"0.45,0.55"	"1"	"31,32"	"43.3308247046838"	NA	NA	NA	NA	NA	NA
"S1"	"IGHV3-30"	"18"	"18"	"18"	"0.45,0.55"	"1"	"2,12"	"0.281020794916393"	NA	NA	NA	NA	NA	NA
"S1"	"IGHV5-10-1"	"Unk"	"01"	"01"	"0.45,0.55"	"1"	"1,9"	"0.618742895726474"	NA	NA	NA	NA	NA	NA
"S1"	"IGHV3-74"	"01"	"01"	"01"	"0.45,0.55"	"1"	"5,5"	"7.0296627638299"	NA	NA	NA	NA	NA	NA
"S1"	"IGHV1-69"	"01,09"	"01,09"	"01,09"	"0.45,0.55"	"0.77,0.23"	"44,57"	"58.5709347179029"	"19,4"	"0.444164361737342"	NA	NA	NA	NA
"S1"	"IGHV4-34"	"01"	"01"	"01"	"0.45,0.55"	"1"	"11,23"	"12.4282449076871"	NA	NA	NA	NA	NA	NA
"S1"	"IGHV1-2"	"02"	"02"	"02"	"0.45,0.55"	"1"	"13,11"	"14.7746493005156"	NA	NA	NA	NA	NA	NA
"S1"	"IGHV1-46"	"01"	"01"	"01"	"0.45,0.55"	"1"	"4,9"	"4.35830805575614"	NA	NA	NA	NA	NA	NA
"S1"	"IGHV3-33"	"01"	"01"	"01"	"0.45,0.55"	"1"	"7,13"	"8.32302128299252"	NA	NA	NA	NA	NA	NA
"S1"	"IGHV3-11"	"01"	"05"	"01,05"	"0.45,0.55"	"0.55,0.45"	"14,0"	"4.83426145937147"	"0,6"	"1.51850658636934"	NA	NA	NA	NA
"S1"	"IGHV4-59"	"01"	"01"	"01"	"0.45,0.55"	"1"	"8,11"	"10.4882071289432"	NA	NA	NA	NA	NA	NA
"S1"	"IGHV4-61"	"01"	"01"	"01"	"0.45,0.55"	"1"	"4,2"	"2.12125632562175"	NA	NA	NA	NA	NA	NA
"S1"	"IGHV4-30-4"	"Unk"	"01"	"01"	"0.45,0.55"	"1"	"0,5"	"1.26542215530778"	NA	NA	NA	NA	NA	NA
"S1"	"IGHV4-31"	"03"	"03"	"03"	"0.45,0.55"	"1"	"10,7"	"8.80561469949654"	NA	NA	NA	NA	NA	NA
"S1"	"IGHV1-24"	"Unk"	"01"	"01"	"0.45,0.55"	"1"	"0,2"	"0.506168862123114"	NA	NA	NA	NA	NA	NA
"S1"	"IGHV2-70D"	"04"	"Unk"	"04"	"0.45,0.55"	"1"	"2,0"	"0.690608779910211"	NA	NA	NA	NA	NA	NA
"S1"	"IGHV2-26"	"01"	"01"	"01"	"0.45,0.55"	"1"	"2,2"	"2.81186510553196"	NA	NA	NA	NA	NA	NA
"S1"	"IGHV6-1"	"01"	"01"	"01"	"0.45,0.55"	"1"	"2,5"	"2.05261181234729"	NA	NA	NA	NA	NA	NA
"S1"	"IGHV1-18"	"01"	"01"	"01"	"0.45,0.55"	"1"	"12,9"	"11.6174798050285"	NA	NA	NA	NA	NA	NA
"S1"	"IGHV4-30-2"	"Unk"	"01"	"01"	"0.45,0.55"	"1"	"0,1"	"0.253084431061557"	NA	NA	NA	NA	NA	NA
"S1"	"IGHV2-5"	"Unk"	"02"	"02"	"0.45,0.55"	"1"	"0,6"	"1.51850658636934"	NA	NA	NA	NA	NA	NA
"S1"	"IGHV1-58"	"01"	"Unk"	"01"	"0.45,0.55"	"1"	"2,0"	"0.690608779910211"	NA	NA	NA	NA	NA	NA
"S1"	"IGHV3-73"	"02"	"02"	"02"	"0.45,0.55"	"1"	"2,4"	"2.30569624340885"	NA	NA	NA	NA	NA	NA
"S1"	"IGHV3-15"	"01"	"01"	"01"	"0.45,0.55"	"1"	"6,9"	"7.67634202341121"	NA	NA	NA	NA	NA	NA
"S1"	"IGHV5-51"	"01"	"01"	"01"	"0.45,0.55"	"1"	"2,9"	"1.04027408810106"	NA	NA	NA	NA	NA	NA
"S1"	"IGHV3-48"	"02"	"02"	"02"	"0.45,0.55"	"1"	"9,9"	"12.6533929748938"	NA	NA	NA	NA	NA	NA
"S1"	"IGHV3-13"	"01"	"04"	"01,04"	"0.45,0.55"	"0.51,0.49"	"1,0"	"0.345304389955105"	"0,2"	"0.506168862123114"	NA	NA	NA	NA
"S1"	"IGHV3-49"	"05"	"05"	"05"	"0.45,0.55"	"1"	"2,8"	"1.29335851916262"	NA	NA	NA	NA	NA	NA
"S1"	"IGHV3-7"	"01"	"04"	"01,04"	"0.45,0.55"	"0.65,0.35"	"4,0"	"1.38121755982042"	"0,7"	"1.7715910174309"	NA	NA	NA	NA
"S1"	"IGHV3-64D"	"06"	"06"	"06"	"0.45,0.55"	"1"	"1,1"	"1.40593255276598"	NA	NA	NA	NA	NA	NA
"S1"	"IGHV3-72"	"Unk"	"01"	"01"	"0.45,0.55"	"1"	"0,1"	"0.253084431061557"	NA	NA	NA	NA	NA	NA
"S1"	"IGHV3-21"	"01"	"01"	"01"	"0.45,0.55"	"1"	"8,15"	"9.47586940469695"	NA	NA	NA	NA	NA	NA
"S1"	"IGHV3-20"	"04"	"01,04"	"01,04"	"0.45,0.55"	"0.22,0.78"	"0,1"	"0.253084431061557"	"1,2"	"1.15284812170442"	NA	NA	NA	NA
"S1"	"IGHV3-53"	"01"	"01"	"01"	"0.45,0.55"	"1"	"6,5"	"6.6843583738748"	NA	NA	NA	NA	NA	NA
"S1"	"IGHV1-69-2"	"01"	"Unk"	"01"	"0.45,0.55"	"1"	"1,0"	"0.345304389955105"	NA	NA	NA	NA	NA	NA
"S1"	"IGHV3-43"	"01"	"Unk"	"01"	"0.45,0.55"	"1"	"1,0"	"0.345304389955105"	NA	NA	NA	NA	NA	NA
"S1"	"IGHV3-9"	"01"	"01"	"01"	"0.45,0.55"	"1"	"14,3"	"0.419449368791784"	NA	NA	NA	NA	NA	NA
"S1"	"IGHV3-43D"	"Del"	"Del"	NA	NA	NA	NA	NA	NA	NA	NA	NA	NA	NA
"S1"	"IGHV8-51-1"	"Unk"	"Unk"	NA	NA	NA	NA	NA	NA	NA	NA	NA	NA	NA
"S1"	"IGHV1-3"	"Del"	"Del"	NA	NA	NA	NA	NA	NA	NA	NA	NA	NA	NA
"S1"	"IGHV1-45"	"Unk"	"Unk"	NA	NA	NA	NA	NA	NA	NA	NA	NA	NA	NA
"S1"	"IGHV2-70"	"Unk"	"Unk"	NA	NA	NA	NA	NA	NA	NA	NA	NA	NA	NA
"S1"	"IGHV3-64"	"Del"	"Del"	NA	NA	NA	NA	NA	NA	NA	NA	NA	NA	NA
"S1"	"IGHV3-66"	"Del"	"Del"	NA	NA	NA	NA	NA	NA	NA	NA	NA	NA	NA
"S1"	"IGHV4-4"	"Unk"	"Unk"	NA	NA	NA	NA	NA	NA	NA	NA	NA	NA	NA
"S1"	"IGHV4-28"	"Del"	"Del"	NA	NA	NA	NA	NA	NA	NA	NA	NA	NA	NA
"S1"	"IGHV4-38-2"	"Del"	"Del"	NA	NA	NA	NA	NA	NA	NA	NA	NA	NA	NA
"S1"	"IGHV7-4-1"	"Del"	"Del"	NA	NA	NA	NA	NA	NA	NA	NA	NA	NA	NA
